email,password
Venu004@gmail.com,Venu007
Madan004@gmail.com,Madan007
Tarun004@gmail.com,Tarun007
Vinod004@gmail.com,Vinod007
Sushanta004@gmail.com,Sushanta007
Nitesh004@gmail.com,Nitesh007
